﻿<?xml version="1.0" encoding="UTF-8"?>

<SimBase.Document
        Type="EditionInfo"
        version="1,0"
        id="Downwash water_edition">
    <Descr>This file contains useful additional properties for edition purpose.</Descr>
    <SimEdition.EditionInfo RelatedInstanceId="{1C62EEBF-48D9-48E6-9C42-5497D8C2E7D0}">
        <NodePosition>388.000,-180.000</NodePosition>
    </SimEdition.EditionInfo>
    <SimEdition.EditionInfo RelatedInstanceId="{8E8E51C8-ABF5-46A0-96A7-E2C399F244C6}">
        <NodePosition>280.000,-81.000</NodePosition>
    </SimEdition.EditionInfo>
    <SimEdition.EditionInfo RelatedInstanceId="{A43C6357-15C2-4DB7-842A-65244241D129}">
        <NodePosition>314.000,290.000</NodePosition>
    </SimEdition.EditionInfo>
    <SimEdition.EditionInfo RelatedInstanceId="{2936690F-C463-4387-A1CA-E2301CCFB2D6}">
        <NodePosition>363.000,460.000</NodePosition>
    </SimEdition.EditionInfo>
    <SimEdition.EditionInfo RelatedInstanceId="{0163410D-08B5-4692-827E-BF149DC4DDB9}">
        <NodePosition>323.000,660.000</NodePosition>
    </SimEdition.EditionInfo>
    <SimEdition.EditionInfo RelatedInstanceId="{7137DDD9-7260-4FA8-A8F7-64FDF681A55D}"/>
    <SimEdition.EditionInfo RelatedInstanceId="{67F2336F-BDB8-4695-8F1C-47F558A1A7CF}">
        <NodePosition>77.500,718.000</NodePosition>
    </SimEdition.EditionInfo>
    <SimEdition.EditionInfo RelatedInstanceId="{F07035E5-615B-41CE-A200-CA9B1E77D65F}">
        <NodePosition>17.000,629.000</NodePosition>
    </SimEdition.EditionInfo>
    <SimEdition.EditionInfo RelatedInstanceId="{CC83762A-70CC-45BC-B9B9-BD18AD529C20}">
        <NodePosition>-76.500,654.500</NodePosition>
    </SimEdition.EditionInfo>
    <SimEdition.EditionInfo RelatedInstanceId="{D363BC8B-21CC-4FEF-A1B3-02FD44D9F550}">
        <NodePosition>12.000,672.000</NodePosition>
    </SimEdition.EditionInfo>
    <SimEdition.EditionInfo RelatedInstanceId="{F8F9A71B-D4BB-4A62-A915-49FAE3615B51}">
        <NodePosition>-1213.000,660.000</NodePosition>
    </SimEdition.EditionInfo>
    <SimEdition.EditionInfo RelatedInstanceId="{2A41852B-B4AF-49EA-BC83-D95FC284C3E3}">
        <NodePosition>-612.000,584.000</NodePosition>
    </SimEdition.EditionInfo>
    <SimEdition.EditionInfo RelatedInstanceId="{2052C630-FE15-4237-B57D-652C668A22C8}">
        <NodePosition>-504.000,88.000</NodePosition>
    </SimEdition.EditionInfo>
    <SimEdition.EditionInfo RelatedInstanceId="{10756432-C1F1-4198-8340-FCF44C053DD3}">
        <NodePosition>-308.000,376.000</NodePosition>
    </SimEdition.EditionInfo>
    <SimEdition.EditionInfo RelatedInstanceId="{A17CCAC2-9C75-4A10-AE9B-6819B3C9521E}">
        <NodePosition>-500.000,272.000</NodePosition>
    </SimEdition.EditionInfo>
    <SimEdition.EditionInfo RelatedInstanceId="{6AA26AC6-007E-49A8-9DA0-31D5B207D3E7}">
        <NodePosition>-440.000,-424.000</NodePosition>
    </SimEdition.EditionInfo>
    <SimEdition.EditionInfo RelatedInstanceId="{2209F54B-2216-4646-A063-5D8590B9C09C}">
        <NodePosition>-741.000,-76.000</NodePosition>
    </SimEdition.EditionInfo>
    <SimEdition.EditionInfo RelatedInstanceId="{588901AD-1722-410F-ABFB-474A190BA36C}">
        <NodePosition>-789.000,344.000</NodePosition>
    </SimEdition.EditionInfo>
    <SimEdition.EditionInfo RelatedInstanceId="{BFA1A94B-8C36-4DD7-9DB0-9DBB8FD10847}">
        <NodePosition>-808.000,264.000</NodePosition>
        <Enabled>False</Enabled>
    </SimEdition.EditionInfo>
    <SimEdition.EditionInfo RelatedInstanceId="{3148D731-3B15-49BC-B221-64A2BE786639}">
        <NodePosition>-376.000,444.000</NodePosition>
    </SimEdition.EditionInfo>
    <SimEdition.EditionInfo RelatedInstanceId="{D5C805BF-3DB4-4607-84E3-698036E58EFB}">
        <NodePosition>-1016.000,48.000</NodePosition>
    </SimEdition.EditionInfo>
    <SimEdition.EditionInfo RelatedInstanceId="{BC512DE4-5150-402F-A74C-B0194EDE385C}">
        <NodePosition>-1288.000,-32.000</NodePosition>
    </SimEdition.EditionInfo>
    <SimEdition.EditionInfo RelatedInstanceId="{4A37088A-9E49-4FD6-9ED3-BF54C5AC080E}">
        <NodePosition>-1288.000,144.000</NodePosition>
    </SimEdition.EditionInfo>
    <SimEdition.EditionInfo RelatedInstanceId="{D0A80A44-CA18-4ABC-AE0C-67E0B2278601}">
        <NodePosition>-1305.000,1268.000</NodePosition>
    </SimEdition.EditionInfo>
    <SimEdition.EditionInfo RelatedInstanceId="{C67DEFA8-7184-4124-A320-C6EDB16BF903}">
        <NodePosition>-403.000,312.000</NodePosition>
    </SimEdition.EditionInfo>
    <SimEdition.EditionInfo RelatedInstanceId="{0DEA2283-C2CD-4107-ABAC-622A1B857AB4}">
        <NodePosition>-456.000,60.000</NodePosition>
    </SimEdition.EditionInfo>
    <SimEdition.EditionInfo RelatedInstanceId="{FE81B17E-51C3-4D7A-915E-AA60077E158E}">
        <NodePosition>680.000,468.000</NodePosition>
    </SimEdition.EditionInfo>
    <SimEdition.EditionInfo RelatedInstanceId="{515FFA89-0819-41B4-AF65-4F9C2E708445}">
        <NodePosition>984.000,696.000</NodePosition>
    </SimEdition.EditionInfo>
    <SimEdition.EditionInfo RelatedInstanceId="{C2257797-42FC-4269-A7FF-D8F9B82C7004}">
        <NodePosition>1697.000,716.000</NodePosition>
    </SimEdition.EditionInfo>
    <SimEdition.EditionInfo RelatedInstanceId="{61388600-7E96-4169-80C7-6C98C4C306C8}">
        <NodePosition>1420.000,704.000</NodePosition>
    </SimEdition.EditionInfo>
    <SimEdition.EditionInfo RelatedInstanceId="{4610EA41-512E-42D5-966E-02295A290600}">
        <NodePosition>-792.000,844.000</NodePosition>
    </SimEdition.EditionInfo>
    <SimEdition.EditionInfo RelatedInstanceId="{A32F0737-84F1-4D6D-AA36-CF1AD2787981}">
        <NodePosition>-415.000,904.000</NodePosition>
    </SimEdition.EditionInfo>
    <SimEdition.EditionInfo RelatedInstanceId="{333A3099-B42F-4DFB-9F5F-D850C32886D7}">
        <NodePosition>-1508.000,328.000</NodePosition>
    </SimEdition.EditionInfo>
    <SimEdition.EditionInfo RelatedInstanceId="{296E1937-5400-4976-95B0-E178180D6407}">
        <NodePosition>-861.000,-208.000</NodePosition>
    </SimEdition.EditionInfo>
    <SimEdition.EditionInfo RelatedInstanceId="{081DDD20-5135-4844-A8D0-5E6111BB7F30}">
        <NodePosition>-1055.000,76.000</NodePosition>
    </SimEdition.EditionInfo>
    <SimEdition.EditionInfo RelatedInstanceId="{95FE5429-CBC5-4B2D-B5E6-95FC78B77B09}">
        <NodePosition>-639.000,92.000</NodePosition>
    </SimEdition.EditionInfo>
    <SimEdition.EditionInfo RelatedInstanceId="{E25974C5-8B5C-41BD-9502-E5439FC2D8CF}">
        <NodePosition>-1272.000,260.000</NodePosition>
        <Enabled>False</Enabled>
    </SimEdition.EditionInfo>
    <SimEdition.EditionInfo RelatedInstanceId="{2959C17A-60AA-48D9-A8BB-7D842AD0CB71}">
        <NodePosition>-644.000,384.000</NodePosition>
        <Enabled>False</Enabled>
    </SimEdition.EditionInfo>
    <SimEdition.EditionInfo RelatedInstanceId="{1DA6ECCC-89CB-409F-B029-51388730529A}">
        <NodePosition>-200.000,392.000</NodePosition>
        <Enabled>False</Enabled>
    </SimEdition.EditionInfo>
    <SimEdition.EditionInfo RelatedInstanceId="{FF5DE0A2-517E-4F18-9FA2-613374ED9EEE}">
        <NodePosition>-40.000,480.000</NodePosition>
    </SimEdition.EditionInfo>
    <SimEdition.EditionInfo RelatedInstanceId="{B62E2B0F-7B0D-436B-9EF6-2320A51C9017}">
        <NodePosition>-591.000,-36.000</NodePosition>
    </SimEdition.EditionInfo>
    <SimEdition.EditionInfo RelatedInstanceId="{F234CFEB-94BD-49D9-AE0D-822E5DFD0523}">
        <NodePosition>2472.000,88.000</NodePosition>
    </SimEdition.EditionInfo>
    <SimEdition.EditionInfo RelatedInstanceId="{EEBB13F4-AE4D-4762-9260-2D3201128FC3}">
        <NodePosition>-1033.000,-72.000</NodePosition>
    </SimEdition.EditionInfo>
    <SimEdition.EditionInfo RelatedInstanceId="{71513551-430A-4A0C-BCFA-31EA381E00CA}">
        <NodePosition>707.000,708.000</NodePosition>
    </SimEdition.EditionInfo>
    <SimEdition.EditionInfo RelatedInstanceId="{6546C08D-15EB-496E-A834-84B0A1BC9A86}">
        <NodePosition>584.000,524.000</NodePosition>
    </SimEdition.EditionInfo>
    <SimEdition.EditionInfo RelatedInstanceId="{96932874-EB57-4D6E-A250-E856E6AA14B6}">
        <NodePosition>673.000,332.000</NodePosition>
    </SimEdition.EditionInfo>
    <SimEdition.EditionInfo RelatedInstanceId="{F5EE7FB7-4BB4-4D4A-8D6E-646E8714AA88}">
        <NodePosition>601.000,288.000</NodePosition>
    </SimEdition.EditionInfo>
    <SimEdition.EditionInfo RelatedInstanceId="{4998F082-F492-4E37-8F32-9EBD4D92AA9F}">
        <NodePosition>641.000,-80.000</NodePosition>
    </SimEdition.EditionInfo>
    <SimEdition.EditionInfo RelatedInstanceId="{29F37E67-29F5-4F44-ACA7-42B963BEF4BE}">
        <NodePosition>740.000,-196.000</NodePosition>
    </SimEdition.EditionInfo>
    <SimEdition.EditionInfo RelatedInstanceId="{9E32C73B-2D88-412E-A8AD-2221D5B6E3C1}"/>
    <SimEdition.EditionInfo RelatedInstanceId="{9F3DA900-96A6-48AF-9736-49BE7E049A36}">
        <NodePosition>627.000,732.000</NodePosition>
        <Enabled>False</Enabled>
    </SimEdition.EditionInfo>
    <SimEdition.EditionInfo RelatedInstanceId="{4190C8EC-A061-476D-9BF2-E9937F958154}">
        <NodePosition>284.000,964.000</NodePosition>
        <Enabled>False</Enabled>
    </SimEdition.EditionInfo>
    <SimEdition.EditionInfo RelatedInstanceId="{18CCC9C0-8D65-467E-9BDF-C9A9B3D09A9B}">
        <NodePosition>400.000,960.000</NodePosition>
        <NodeSize>2144.000,507.000</NodeSize>
    </SimEdition.EditionInfo>
    <SimEdition.EditionInfo RelatedInstanceId="{D0181597-1E5C-4A8F-9E71-8F40D84B9EDE}">
        <NodePosition>430.000,1116.000</NodePosition>
    </SimEdition.EditionInfo>
    <SimEdition.EditionInfo RelatedInstanceId="{A2D7A0E3-0780-499B-B46B-94302EE35F92}">
        <NodePosition>1036.000,680.000</NodePosition>
    </SimEdition.EditionInfo>
    <SimEdition.EditionInfo RelatedInstanceId="{5793C0E3-4A72-41CB-819C-30FEC8632002}">
        <NodePosition>1053.000,1368.000</NodePosition>
    </SimEdition.EditionInfo>
    <SimEdition.EditionInfo RelatedInstanceId="{8A0D56C9-B78C-40B2-8D66-83F33DC31AC8}">
        <NodePosition>1309.000,1368.000</NodePosition>
    </SimEdition.EditionInfo>
    <SimEdition.EditionInfo RelatedInstanceId="{8628B251-EE73-4014-AE82-CD00007E2BC5}">
        <NodePosition>2301.000,1168.000</NodePosition>
    </SimEdition.EditionInfo>
    <SimEdition.EditionInfo RelatedInstanceId="{AB743315-24F5-4EDC-BF91-4F1C56394061}">
        <NodePosition>1272.000,428.000</NodePosition>
    </SimEdition.EditionInfo>
    <SimEdition.EditionInfo RelatedInstanceId="{5C4AE062-005A-421C-A530-5C8CAF48791E}">
        <NodePosition>984.000,448.000</NodePosition>
        <Enabled>False</Enabled>
    </SimEdition.EditionInfo>
    <SimEdition.EditionInfo RelatedInstanceId="{AFA95ED9-276B-4C4D-A52A-06AD6E02FCA9}">
        <NodePosition>570.000,668.000</NodePosition>
    </SimEdition.EditionInfo>
    <SimEdition.EditionInfo RelatedInstanceId="{4EF15665-2F3E-4138-98F7-0CA5F95413F0}">
        <NodePosition>568.000,460.000</NodePosition>
    </SimEdition.EditionInfo>
    <SimEdition.EditionInfo RelatedInstanceId="{6FDB2FB1-A09C-4F19-BB18-A8C7167319D8}">
        <NodePosition>-200.000,668.000</NodePosition>
    </SimEdition.EditionInfo>
    <SimEdition.EditionInfo RelatedInstanceId="{9C8A49FB-2CF3-42DA-AA5E-C82537AD5281}">
        <NodePosition>563.000,660.000</NodePosition>
    </SimEdition.EditionInfo>
    <SimEdition.EditionInfo RelatedInstanceId="{3DA2CC26-3E9A-4DAB-A44C-2383D08F8480}">
        <NodePosition>569.000,460.000</NodePosition>
    </SimEdition.EditionInfo>
    <SimEdition.EditionInfo RelatedInstanceId="{BCC63F98-EC69-4FCA-B141-9284187C998A}">
        <NodePosition>784.333,348.757</NodePosition>
    </SimEdition.EditionInfo>
    <SimEdition.EditionInfo RelatedInstanceId="{7E751B47-26F2-435B-93F8-4D4D2873EB63}">
        <NodePosition>1500.000,472.000</NodePosition>
    </SimEdition.EditionInfo>
    <SimEdition.EditionInfo RelatedInstanceId="{30D457F1-E58B-48D5-8306-B8220A9D9295}">
        <NodePosition>-864.000,-16.000</NodePosition>
        <NodeSize>720.000,456.000</NodeSize>
    </SimEdition.EditionInfo>
    <SimEdition.EditionInfo RelatedInstanceId="{5DED03DB-206A-4643-9E9C-010266BDF69A}">
        <NodePosition>1728.000,16.000</NodePosition>
        <NodeSize>1152.000,216.000</NodeSize>
    </SimEdition.EditionInfo>
    <SimEdition.EditionInfo RelatedInstanceId="{4E7E080B-7E14-4EEE-BF87-90D77E1B9319}">
        <NodePosition>944.000,464.000</NodePosition>
        <NodeSize>1440.000,347.000</NodeSize>
    </SimEdition.EditionInfo>
    <SimEdition.EditionInfo RelatedInstanceId="{B10F94C4-407D-4C6C-91AE-05AD32AE514E}">
        <NodePosition>-1184.000,-496.000</NodePosition>
        <NodeSize>688.000,232.000</NodeSize>
    </SimEdition.EditionInfo>
    <SimEdition.EditionInfo RelatedInstanceId="{56C34F9C-0E8D-4707-94F6-302687F2A807}">
        <NodePosition>-116.000,-136.000</NodePosition>
    </SimEdition.EditionInfo>
    <SimEdition.EditionInfo RelatedInstanceId="{43FA1FBE-32D6-4356-91A9-1DD5EC8E9476}">
        <NodePosition>2168.000,536.000</NodePosition>
    </SimEdition.EditionInfo>
    <SimEdition.EditionInfo RelatedInstanceId="{9AFBBB1D-2D75-4300-B3F9-703B1CC8F4E4}">
        <NodePosition>1592.000,1372.000</NodePosition>
    </SimEdition.EditionInfo>
    <SimEdition.EditionInfo RelatedInstanceId="{8457F722-D0AF-4CE8-AB8D-B96D00CA8C5B}">
        <NodePosition>-848.000,608.000</NodePosition>
        <NodeSize>1120.000,235.000</NodeSize>
    </SimEdition.EditionInfo>
    <SimEdition.EditionInfo RelatedInstanceId="{D3D44DA5-B24D-458A-A0A9-FEDFB9544DB9}">
        <NodePosition>-579.000,668.000</NodePosition>
    </SimEdition.EditionInfo>
    <SimEdition.EditionInfo RelatedInstanceId="{46FA9FCA-3FE3-4EEA-8EB8-6A2B64F92CCB}">
        <NodePosition>-1145.000,-428.000</NodePosition>
    </SimEdition.EditionInfo>
    <SimEdition.EditionInfo RelatedInstanceId="{686B43F2-E544-451E-A233-00F7C9B881D2}">
        <NodePosition>12.000,-788.000</NodePosition>
    </SimEdition.EditionInfo>
    <SimEdition.EditionInfo RelatedInstanceId="{BCDA8CD2-4CF5-47B6-A6B6-27F04925FA74}">
        <NodePosition>-349.000,-732.000</NodePosition>
    </SimEdition.EditionInfo>
    <SimEdition.EditionInfo RelatedInstanceId="{FF266482-E0D0-4FCB-89A7-3BEFC2750BA6}">
        <NodePosition>-349.000,-572.000</NodePosition>
    </SimEdition.EditionInfo>
    <SimEdition.EditionInfo RelatedInstanceId="{5C200D5B-E78E-4C8F-A7E3-F7D9ABE11B0C}">
        <NodePosition>-349.000,-408.000</NodePosition>
    </SimEdition.EditionInfo>
    <SimEdition.EditionInfo RelatedInstanceId="{F5D27E3E-B654-4DDA-B6AA-0224571FA34D}">
        <NodePosition>8.000,-452.000</NodePosition>
    </SimEdition.EditionInfo>
    <SimEdition.EditionInfo RelatedInstanceId="{73391E08-7118-4916-B07B-074E7787ACAA}">
        <NodePosition>-104.000,-628.000</NodePosition>
    </SimEdition.EditionInfo>
    <SimEdition.EditionInfo RelatedInstanceId="{4F7DC657-1CB5-46C0-A621-F6C60B155A30}">
        <NodePosition>248.000,-344.000</NodePosition>
    </SimEdition.EditionInfo>
    <SimEdition.EditionInfo RelatedInstanceId="{421B00D4-B767-463D-96D2-5BCE304FA04D}">
        <NodePosition>627.000,-636.000</NodePosition>
    </SimEdition.EditionInfo>
    <SimEdition.EditionInfo RelatedInstanceId="{352C704C-A673-4DFB-9D01-3BC03D835E0C}">
        <NodePosition>-835.000,1084.000</NodePosition>
    </SimEdition.EditionInfo>
    <SimEdition.EditionInfo RelatedInstanceId="{276E7E4B-06B8-47CA-9C2D-AEE2C660B0DC}">
        <NodePosition>-1171.000,1064.000</NodePosition>
    </SimEdition.EditionInfo>
    <SimEdition.EditionInfo RelatedInstanceId="{D66A1408-A08D-4B4B-B4CB-9957583B4F3D}">
        <NodePosition>-216.000,1096.000</NodePosition>
    </SimEdition.EditionInfo>
    <SimEdition.EditionInfo RelatedInstanceId="{3CCF0658-9C3C-4E15-8279-830108040ADA}">
        <NodePosition>-552.000,1100.000</NodePosition>
    </SimEdition.EditionInfo>
    <SimEdition.EditionInfo RelatedInstanceId="{D97E1986-C80C-41D4-9C2E-56C365D52D30}">
        <NodePosition>316.000,-724.000</NodePosition>
    </SimEdition.EditionInfo>
    <SimEdition.EditionInfo RelatedInstanceId="{AC569DB8-BD9E-47A4-855F-D9CC8D079518}">
        <NodePosition>-760.000,712.000</NodePosition>
    </SimEdition.EditionInfo>
    <SimEdition.EditionInfo RelatedInstanceId="{D5BEC8C6-F805-4A46-ADF4-7DF97083E642}">
        <NodePosition>372.000,-192.000</NodePosition>
    </SimEdition.EditionInfo>
    <SimEdition.EditionInfo RelatedInstanceId="{E201F00B-68D5-4615-B2B8-D09F33C9D38E}">
        <NodePosition>-1328.000,1024.000</NodePosition>
        <NodeSize>1632.000,392.000</NodeSize>
    </SimEdition.EditionInfo>
    <SimEdition.EditionInfo RelatedInstanceId="{5C4A728F-3348-4826-9FFF-F094A902A6BA}">
        <NodePosition>-952.000,1244.000</NodePosition>
    </SimEdition.EditionInfo>
    <SimEdition.EditionInfo RelatedInstanceId="{8156EFE9-7E7D-4955-A951-33701F6E25DF}">
        <NodePosition>-564.000,1260.000</NodePosition>
    </SimEdition.EditionInfo>
    <SimEdition.EditionInfo RelatedInstanceId="{29ACEB65-7974-4201-A533-1274B4EA2DF8}">
        <NodePosition>-308.000,1272.000</NodePosition>
    </SimEdition.EditionInfo>
    <SimEdition.EditionInfo RelatedInstanceId="{EA511910-39E0-4A62-AC61-B74AD919A46C}">
        <NodePosition>61.000,1196.000</NodePosition>
    </SimEdition.EditionInfo>
    <SimEdition.EditionInfo RelatedInstanceId="{FB30CC98-3399-407A-B1C8-C8418E4679EC}">
        <NodePosition>-769.000,680.000</NodePosition>
    </SimEdition.EditionInfo>
    <SimEdition.EditionInfo RelatedInstanceId="{31383A1B-90AD-45D4-8EF3-1B487E1DFC3B}">
        <NodePosition>-755.000,-392.000</NodePosition>
    </SimEdition.EditionInfo>
    <SimEdition.EditionInfo RelatedInstanceId="{11AFE29D-7FBB-43FC-9579-31D7BE991345}">
        <NodePosition>865.000,1368.000</NodePosition>
    </SimEdition.EditionInfo>
    <SimEdition.EditionInfo RelatedInstanceId="{48BBD2C4-A27F-4DAE-BE50-5B2A14834068}">
        <NodePosition>1757.000,100.000</NodePosition>
    </SimEdition.EditionInfo>
    <SimEdition.EditionInfo RelatedInstanceId="{9DE41534-A39A-41F8-9AB8-A25711D7E79C}">
        <NodePosition>2120.000,72.000</NodePosition>
    </SimEdition.EditionInfo>
    <SimEdition.EditionInfo RelatedInstanceId="{BF70DAC6-D575-47ED-A082-F405D45CCC1C}">
        <NodePosition>2008.000,716.000</NodePosition>
    </SimEdition.EditionInfo>
    <SimEdition.EditionInfo RelatedInstanceId="{68583AF9-4287-49E9-93F2-600F94130649}">
        <NodePosition>1680.000,540.000</NodePosition>
    </SimEdition.EditionInfo>
    <SimEdition.EditionInfo RelatedInstanceId="{FD17C612-2992-4D17-9E18-DDE080F6661E}">
        <NodePosition>1760.000,1356.000</NodePosition>
    </SimEdition.EditionInfo>
    <SimEdition.EditionInfo RelatedInstanceId="{D46FC88C-C610-4FF1-ACC7-820CA14E75B3}">
        <NodePosition>909.000,1116.000</NodePosition>
    </SimEdition.EditionInfo>
    <SimEdition.EditionInfo RelatedInstanceId="{E6752E6D-9619-4924-AF18-2480E1101DFC}">
        <NodePosition>1197.000,1116.000</NodePosition>
    </SimEdition.EditionInfo>
    <SimEdition.EditionInfo RelatedInstanceId="{C20B80B2-C21A-4D01-B2E8-89DE9BFE3F42}">
        <NodePosition>1800.000,1080.000</NodePosition>
    </SimEdition.EditionInfo>
    <SimEdition.EditionInfo RelatedInstanceId="{74B1B529-134F-4439-811C-0267165DCC8C}">
        <NodePosition>888.000,1256.000</NodePosition>
    </SimEdition.EditionInfo>
    <SimEdition.EditionInfo RelatedInstanceId="{ACD0FB4F-CE84-4868-B0D3-22FCAACAFA60}">
        <NodePosition>1144.000,1244.000</NodePosition>
    </SimEdition.EditionInfo>
    <SimEdition.EditionInfo RelatedInstanceId="{94D8AFB2-A1C7-4127-8183-F43EEF059587}">
        <NodePosition>1400.000,1244.000</NodePosition>
    </SimEdition.EditionInfo>
    <SimEdition.EditionInfo RelatedInstanceId="{4C9793AB-6619-4758-87E8-4D5BD821B653}">
        <NodePosition>1617.000,1036.000</NodePosition>
    </SimEdition.EditionInfo>
    <SimEdition.EditionInfo RelatedInstanceId="{A599BD26-64A6-443D-A8B7-88E940816310}">
        <NodePosition>1825.000,1052.000</NodePosition>
    </SimEdition.EditionInfo>
    <SimEdition.EditionInfo RelatedInstanceId="{36E5D46F-ED55-4C2D-B907-55A8BB2777D4}">
        <NodePosition>2129.000,1352.000</NodePosition>
    </SimEdition.EditionInfo>
    <SimEdition.EditionInfo RelatedInstanceId="{E9574FD8-0A10-4967-8D38-A028F964417B}">
        <NodePosition>1688.000,1176.000</NodePosition>
    </SimEdition.EditionInfo>
    <SimEdition.EditionInfo RelatedInstanceId="{F61528D7-D0CA-416D-AB12-6B349393FC8F}">
        <NodePosition>2029.000,1196.000</NodePosition>
    </SimEdition.EditionInfo>
</SimBase.Document>
