﻿<?xml version="1.0" encoding="UTF-8"?>

<SimBase.Document
        Type="EditionInfo"
        version="1,0"
        id="Downwash_edition">
    <Descr>This file contains useful additional properties for edition purpose.</Descr>
    <SimEdition.EditionInfo RelatedInstanceId="{E3C384FC-67BA-4016-B1DB-1C429D6DC0A4}">
        <NodePosition>388.000,-180.000</NodePosition>
    </SimEdition.EditionInfo>
    <SimEdition.EditionInfo RelatedInstanceId="{CB0E0BF9-168C-4E45-94D2-F29BC251F3B9}">
        <NodePosition>280.000,-81.000</NodePosition>
    </SimEdition.EditionInfo>
    <SimEdition.EditionInfo RelatedInstanceId="{35421104-3E4F-4F7D-AFE0-934E88A34FE3}">
        <NodePosition>314.000,290.000</NodePosition>
    </SimEdition.EditionInfo>
    <SimEdition.EditionInfo RelatedInstanceId="{FC7152DD-F15A-438D-81F6-71AF0BE8702E}">
        <NodePosition>363.000,460.000</NodePosition>
    </SimEdition.EditionInfo>
    <SimEdition.EditionInfo RelatedInstanceId="{AF1EE872-7FA0-4951-8085-179470AE78FB}">
        <NodePosition>323.000,660.000</NodePosition>
    </SimEdition.EditionInfo>
    <SimEdition.EditionInfo RelatedInstanceId="{5BFEDEBD-7F89-43BE-858C-7C59841779EC}"/>
    <SimEdition.EditionInfo RelatedInstanceId="{04A56683-8D27-4AE2-846C-BD6517370421}">
        <NodePosition>77.500,718.000</NodePosition>
    </SimEdition.EditionInfo>
    <SimEdition.EditionInfo RelatedInstanceId="{61B8315F-9EB6-4C47-8B5C-150C3975B00E}">
        <NodePosition>17.000,629.000</NodePosition>
    </SimEdition.EditionInfo>
    <SimEdition.EditionInfo RelatedInstanceId="{D4D3F866-424C-428C-B640-229D81BE0D22}">
        <NodePosition>-76.500,654.500</NodePosition>
    </SimEdition.EditionInfo>
    <SimEdition.EditionInfo RelatedInstanceId="{AA0E853E-6854-485C-9C09-E15EA90FC3CB}">
        <NodePosition>-24.000,656.000</NodePosition>
    </SimEdition.EditionInfo>
    <SimEdition.EditionInfo RelatedInstanceId="{7341EC57-EC76-4A73-85ED-1C1684AB1249}">
        <NodePosition>-1213.000,660.000</NodePosition>
    </SimEdition.EditionInfo>
    <SimEdition.EditionInfo RelatedInstanceId="{4127BD00-53EC-462D-A323-3F07A91C93A6}">
        <NodePosition>-612.000,584.000</NodePosition>
    </SimEdition.EditionInfo>
    <SimEdition.EditionInfo RelatedInstanceId="{13F7577B-AD03-4A80-A779-A343B5CC7922}">
        <NodePosition>-504.000,88.000</NodePosition>
    </SimEdition.EditionInfo>
    <SimEdition.EditionInfo RelatedInstanceId="{B40B022D-6CCC-4E9E-957D-9F040AC8221B}">
        <NodePosition>-308.000,376.000</NodePosition>
    </SimEdition.EditionInfo>
    <SimEdition.EditionInfo RelatedInstanceId="{79D67162-46D4-4EE1-AE9F-29B26882ED8F}">
        <NodePosition>-500.000,272.000</NodePosition>
    </SimEdition.EditionInfo>
    <SimEdition.EditionInfo RelatedInstanceId="{6D227B0F-8FE0-4AB8-87FB-1770A44824F7}">
        <NodePosition>-440.000,-424.000</NodePosition>
    </SimEdition.EditionInfo>
    <SimEdition.EditionInfo RelatedInstanceId="{F09BF809-B78A-4C33-91E3-F4B326881EE4}">
        <NodePosition>-741.000,-76.000</NodePosition>
    </SimEdition.EditionInfo>
    <SimEdition.EditionInfo RelatedInstanceId="{D30410F8-28FF-4239-AD74-30352F10760A}">
        <NodePosition>-789.000,344.000</NodePosition>
    </SimEdition.EditionInfo>
    <SimEdition.EditionInfo RelatedInstanceId="{4DAB22B2-E6D2-44A1-BA21-DF93EAA30717}">
        <NodePosition>-808.000,264.000</NodePosition>
        <Enabled>False</Enabled>
    </SimEdition.EditionInfo>
    <SimEdition.EditionInfo RelatedInstanceId="{72B17384-E1E5-4433-AB69-2027F93C6AC6}">
        <NodePosition>-376.000,444.000</NodePosition>
    </SimEdition.EditionInfo>
    <SimEdition.EditionInfo RelatedInstanceId="{91390430-0A3D-45FC-89FD-439B4330F631}">
        <NodePosition>-1016.000,48.000</NodePosition>
    </SimEdition.EditionInfo>
    <SimEdition.EditionInfo RelatedInstanceId="{B7330E30-FF02-4932-A559-A8073D6D82FE}">
        <NodePosition>-1288.000,-32.000</NodePosition>
    </SimEdition.EditionInfo>
    <SimEdition.EditionInfo RelatedInstanceId="{EA504EE6-76DC-4172-A2EE-16E8E71D77B7}">
        <NodePosition>-1288.000,144.000</NodePosition>
    </SimEdition.EditionInfo>
    <SimEdition.EditionInfo RelatedInstanceId="{426DE1C8-BC5D-4842-A110-527F6A99ACAA}">
        <NodePosition>664.000,108.000</NodePosition>
    </SimEdition.EditionInfo>
    <SimEdition.EditionInfo RelatedInstanceId="{C6750F84-5413-4BFD-AB18-B50607D655E0}">
        <NodePosition>1101.000,376.000</NodePosition>
    </SimEdition.EditionInfo>
    <SimEdition.EditionInfo RelatedInstanceId="{A394B173-7321-468A-88EF-5DCFBA136224}">
        <NodePosition>829.000,264.000</NodePosition>
    </SimEdition.EditionInfo>
    <SimEdition.EditionInfo RelatedInstanceId="{02AB4A2E-55D6-4B5D-B20A-83DDAEC92DC3}">
        <NodePosition>680.000,468.000</NodePosition>
    </SimEdition.EditionInfo>
    <SimEdition.EditionInfo RelatedInstanceId="{8351323A-F231-4575-8BA6-987B09E4F7CF}">
        <NodePosition>-1240.000,424.000</NodePosition>
    </SimEdition.EditionInfo>
    <SimEdition.EditionInfo RelatedInstanceId="{5D65D706-31BB-4B31-8478-DC46DF39C8CA}">
        <NodePosition>-527.000,444.000</NodePosition>
    </SimEdition.EditionInfo>
    <SimEdition.EditionInfo RelatedInstanceId="{6A84B04D-5950-4AF0-8632-4B9ED5E7AE10}">
        <NodePosition>-804.000,432.000</NodePosition>
    </SimEdition.EditionInfo>
    <SimEdition.EditionInfo RelatedInstanceId="{D773F73C-E0D0-4EFE-A7F5-9755FF45D1E3}">
        <NodePosition>-792.000,844.000</NodePosition>
    </SimEdition.EditionInfo>
    <SimEdition.EditionInfo RelatedInstanceId="{BD726C84-C62C-45A1-BAEA-A2EA7DA242AB}">
        <NodePosition>-415.000,904.000</NodePosition>
    </SimEdition.EditionInfo>
    <SimEdition.EditionInfo RelatedInstanceId="{39F8A378-E25C-48E4-9D6F-0475BBF116A9}">
        <NodePosition>-1508.000,328.000</NodePosition>
    </SimEdition.EditionInfo>
    <SimEdition.EditionInfo RelatedInstanceId="{D5BC6B70-2669-4FA3-A870-759007273FCC}">
        <NodePosition>-861.000,-208.000</NodePosition>
    </SimEdition.EditionInfo>
    <SimEdition.EditionInfo RelatedInstanceId="{1697BA7A-E2D7-4E80-B04E-684264D5FC58}">
        <NodePosition>-1055.000,76.000</NodePosition>
    </SimEdition.EditionInfo>
    <SimEdition.EditionInfo RelatedInstanceId="{26A30C78-A4C7-4C16-8423-95660E0F3DE9}">
        <NodePosition>-639.000,92.000</NodePosition>
    </SimEdition.EditionInfo>
    <SimEdition.EditionInfo RelatedInstanceId="{BF926120-ADC4-4E07-A0EC-3B7CD6AD868D}">
        <NodePosition>-1272.000,260.000</NodePosition>
        <Enabled>False</Enabled>
    </SimEdition.EditionInfo>
    <SimEdition.EditionInfo RelatedInstanceId="{E1778099-B734-4AE0-856D-AE2F87D18B27}">
        <NodePosition>-644.000,384.000</NodePosition>
        <Enabled>False</Enabled>
    </SimEdition.EditionInfo>
    <SimEdition.EditionInfo RelatedInstanceId="{EADAC93C-BF67-4B66-9665-BD1A562A71FF}">
        <NodePosition>-200.000,392.000</NodePosition>
        <Enabled>False</Enabled>
    </SimEdition.EditionInfo>
    <SimEdition.EditionInfo RelatedInstanceId="{9F3448FD-6656-4F4B-B9F2-6C142734E217}">
        <NodePosition>-40.000,480.000</NodePosition>
    </SimEdition.EditionInfo>
    <SimEdition.EditionInfo RelatedInstanceId="{31466EC1-7AFA-43D8-8D89-F89B473B84FB}">
        <NodePosition>-591.000,-36.000</NodePosition>
    </SimEdition.EditionInfo>
    <SimEdition.EditionInfo RelatedInstanceId="{219CA7B1-66DD-456A-A269-48E411D7A52A}">
        <NodePosition>-296.000,-40.000</NodePosition>
    </SimEdition.EditionInfo>
    <SimEdition.EditionInfo RelatedInstanceId="{41391C62-193C-4019-AE9E-5F6F16F529C5}">
        <NodePosition>-1033.000,-72.000</NodePosition>
    </SimEdition.EditionInfo>
    <SimEdition.EditionInfo RelatedInstanceId="{1343456C-4EA7-4BF5-BD44-7BC90E4C6C3F}">
        <NodePosition>707.000,708.000</NodePosition>
    </SimEdition.EditionInfo>
    <SimEdition.EditionInfo RelatedInstanceId="{4BA23523-5A97-435E-9F10-D0AC4B5067BE}">
        <NodePosition>584.000,524.000</NodePosition>
    </SimEdition.EditionInfo>
    <SimEdition.EditionInfo RelatedInstanceId="{1601B63F-9A06-45BF-B47A-4C63BCC1EE05}">
        <NodePosition>673.000,332.000</NodePosition>
    </SimEdition.EditionInfo>
    <SimEdition.EditionInfo RelatedInstanceId="{179FD13D-4C7C-4516-B067-AB7CE8DCA06F}">
        <NodePosition>601.000,288.000</NodePosition>
    </SimEdition.EditionInfo>
    <SimEdition.EditionInfo RelatedInstanceId="{0DA4C75A-6B0D-49AE-9AFE-E9544E7ABDAE}">
        <NodePosition>641.000,-80.000</NodePosition>
    </SimEdition.EditionInfo>
    <SimEdition.EditionInfo RelatedInstanceId="{27F66AE0-0446-462C-B309-0A39C2DA3CAF}">
        <NodePosition>740.000,-196.000</NodePosition>
    </SimEdition.EditionInfo>
    <SimEdition.EditionInfo RelatedInstanceId="{AD0D0089-2B57-424D-A844-96ACA485F1C0}"/>
    <SimEdition.EditionInfo RelatedInstanceId="{D1187DF1-7FAC-448E-8CBD-34C7498D55A0}">
        <NodePosition>627.000,732.000</NodePosition>
        <Enabled>False</Enabled>
    </SimEdition.EditionInfo>
    <SimEdition.EditionInfo RelatedInstanceId="{E8265CC4-A3B3-4894-A85E-F296B50D33BA}">
        <NodePosition>284.000,964.000</NodePosition>
        <Enabled>False</Enabled>
    </SimEdition.EditionInfo>
    <SimEdition.EditionInfo RelatedInstanceId="{1FFFC580-5C42-4B49-BD3C-741CD7057724}">
        <NodePosition>400.000,928.000</NodePosition>
        <NodeSize>1904.000,475.000</NodeSize>
    </SimEdition.EditionInfo>
    <SimEdition.EditionInfo RelatedInstanceId="{CD13C853-901E-4DCE-9E3D-DC31CE5462DE}">
        <NodePosition>446.000,1176.000</NodePosition>
    </SimEdition.EditionInfo>
    <SimEdition.EditionInfo RelatedInstanceId="{FA84F724-E74E-4884-861B-A5B453FD0CA3}">
        <NodePosition>1036.000,680.000</NodePosition>
    </SimEdition.EditionInfo>
    <SimEdition.EditionInfo RelatedInstanceId="{D093D636-B524-4578-8FD3-99853A92242D}">
        <NodePosition>1128.000,1164.000</NodePosition>
    </SimEdition.EditionInfo>
    <SimEdition.EditionInfo RelatedInstanceId="{19B0F065-8FDA-42AA-8F4C-231CAC64D1CF}">
        <NodePosition>1384.000,1176.000</NodePosition>
    </SimEdition.EditionInfo>
    <SimEdition.EditionInfo RelatedInstanceId="{93B380B4-6AE7-4C4E-BCC8-A5FCE353ECCB}">
        <NodePosition>2056.000,1148.000</NodePosition>
    </SimEdition.EditionInfo>
    <SimEdition.EditionInfo RelatedInstanceId="{C0BCD04B-6BA4-4D3C-897B-43DEEF5DA10F}">
        <NodePosition>1272.000,428.000</NodePosition>
    </SimEdition.EditionInfo>
    <SimEdition.EditionInfo RelatedInstanceId="{8A2CD12A-FDC1-430A-AB6F-EB6D5CA112E0}">
        <NodePosition>984.000,448.000</NodePosition>
        <Enabled>False</Enabled>
    </SimEdition.EditionInfo>
    <SimEdition.EditionInfo RelatedInstanceId="{BF3B76C0-0753-49E9-9FD8-5F359EEDDDE5}">
        <NodePosition>570.000,668.000</NodePosition>
    </SimEdition.EditionInfo>
    <SimEdition.EditionInfo RelatedInstanceId="{91997FBE-C7D4-4629-B512-4464F28D7FAA}">
        <NodePosition>568.000,460.000</NodePosition>
    </SimEdition.EditionInfo>
    <SimEdition.EditionInfo RelatedInstanceId="{BD1553FF-C9C1-4C6F-BACF-DD619D0D8F40}">
        <NodePosition>-200.000,668.000</NodePosition>
    </SimEdition.EditionInfo>
    <SimEdition.EditionInfo RelatedInstanceId="{F1876847-CE66-47F7-9FF5-59D3300C4BC2}">
        <NodePosition>563.000,660.000</NodePosition>
    </SimEdition.EditionInfo>
    <SimEdition.EditionInfo RelatedInstanceId="{EEE1B557-7241-4610-9C4E-B1CF1D1B9CF9}">
        <NodePosition>569.000,460.000</NodePosition>
    </SimEdition.EditionInfo>
    <SimEdition.EditionInfo RelatedInstanceId="{7AFFC270-661C-44C5-8447-9A7443878E5B}">
        <NodePosition>784.333,348.757</NodePosition>
    </SimEdition.EditionInfo>
    <SimEdition.EditionInfo RelatedInstanceId="{CA2CF612-7E2A-4A27-8B8C-F262BB090805}">
        <NodePosition>1500.000,472.000</NodePosition>
    </SimEdition.EditionInfo>
    <SimEdition.EditionInfo RelatedInstanceId="{97AED51E-0C4F-437D-AB58-A386FBFDDBDF}">
        <NodePosition>640.000,32.000</NodePosition>
        <NodeSize>720.000,472.000</NodeSize>
    </SimEdition.EditionInfo>
    <SimEdition.EditionInfo RelatedInstanceId="{D6F5CF5F-A4E8-4714-AC1C-4EDF748AF0A8}">
        <NodePosition>-1040.000,-112.000</NodePosition>
        <NodeSize>1152.000,216.000</NodeSize>
    </SimEdition.EditionInfo>
    <SimEdition.EditionInfo RelatedInstanceId="{1C45E1AB-4DFF-40CE-9616-9D1522BA8D71}">
        <NodePosition>-1280.000,208.000</NodePosition>
        <NodeSize>1440.000,331.000</NodeSize>
    </SimEdition.EditionInfo>
    <SimEdition.EditionInfo RelatedInstanceId="{171E869B-D46B-4B35-B91B-336737472B0E}">
        <NodePosition>-1184.000,-496.000</NodePosition>
        <NodeSize>688.000,232.000</NodeSize>
    </SimEdition.EditionInfo>
    <SimEdition.EditionInfo RelatedInstanceId="{21D9C490-133F-4715-A3A0-9E71FA1190DF}">
        <NodePosition>-116.000,-136.000</NodePosition>
    </SimEdition.EditionInfo>
    <SimEdition.EditionInfo RelatedInstanceId="{F7484E50-3C1A-4094-B4D9-37F84ED330FE}">
        <NodePosition>-56.000,264.000</NodePosition>
    </SimEdition.EditionInfo>
    <SimEdition.EditionInfo RelatedInstanceId="{8B3A6335-26A4-4370-9C71-F82C5824B89C}">
        <NodePosition>1576.000,1292.000</NodePosition>
    </SimEdition.EditionInfo>
    <SimEdition.EditionInfo RelatedInstanceId="{59D81B83-3D0D-42C2-9204-B13EDB2A0491}">
        <NodePosition>-848.000,608.000</NodePosition>
        <NodeSize>1120.000,235.000</NodeSize>
    </SimEdition.EditionInfo>
    <SimEdition.EditionInfo RelatedInstanceId="{096F7C52-33AA-4718-9548-1F3603E2B264}">
        <NodePosition>-579.000,668.000</NodePosition>
    </SimEdition.EditionInfo>
    <SimEdition.EditionInfo RelatedInstanceId="{AE91C047-F814-41EC-993B-DC9707994344}">
        <NodePosition>-1145.000,-428.000</NodePosition>
    </SimEdition.EditionInfo>
    <SimEdition.EditionInfo RelatedInstanceId="{B1A7D856-BC26-4E5B-AE57-25323A7574EE}">
        <NodePosition>12.000,-788.000</NodePosition>
    </SimEdition.EditionInfo>
    <SimEdition.EditionInfo RelatedInstanceId="{B365EFF4-020B-4A71-9AAF-A3AE9DE86122}">
        <NodePosition>-349.000,-732.000</NodePosition>
    </SimEdition.EditionInfo>
    <SimEdition.EditionInfo RelatedInstanceId="{3FABDCF1-DEEA-4387-8618-07FE56F46725}">
        <NodePosition>-349.000,-572.000</NodePosition>
    </SimEdition.EditionInfo>
    <SimEdition.EditionInfo RelatedInstanceId="{BB39BE6E-183A-4D00-B2EA-1CE3DFCF0DC9}">
        <NodePosition>-349.000,-408.000</NodePosition>
    </SimEdition.EditionInfo>
    <SimEdition.EditionInfo RelatedInstanceId="{37263802-7290-4804-A8C7-F1105C5E008B}">
        <NodePosition>8.000,-452.000</NodePosition>
    </SimEdition.EditionInfo>
    <SimEdition.EditionInfo RelatedInstanceId="{6AEE09A2-C8AC-4124-BF0C-BA54F0073269}">
        <NodePosition>-104.000,-628.000</NodePosition>
    </SimEdition.EditionInfo>
    <SimEdition.EditionInfo RelatedInstanceId="{314D1CE9-A54D-4FFD-A94F-0911F10AAB48}">
        <NodePosition>248.000,-344.000</NodePosition>
    </SimEdition.EditionInfo>
    <SimEdition.EditionInfo RelatedInstanceId="{033F7235-4E16-4151-9D59-D77FB2E00823}">
        <NodePosition>627.000,-636.000</NodePosition>
    </SimEdition.EditionInfo>
    <SimEdition.EditionInfo RelatedInstanceId="{DBF57302-36A9-4C48-B6FC-31F559690DE5}">
        <NodePosition>-835.000,1084.000</NodePosition>
    </SimEdition.EditionInfo>
    <SimEdition.EditionInfo RelatedInstanceId="{AE77CCA2-96F2-4F27-8743-91A70D7E9734}">
        <NodePosition>-1171.000,1064.000</NodePosition>
    </SimEdition.EditionInfo>
    <SimEdition.EditionInfo RelatedInstanceId="{915C9B63-C943-492E-9511-16008D593E22}">
        <NodePosition>-216.000,1096.000</NodePosition>
    </SimEdition.EditionInfo>
    <SimEdition.EditionInfo RelatedInstanceId="{9ED18476-3707-4AC3-84D0-CA7CFE701203}">
        <NodePosition>-552.000,1100.000</NodePosition>
    </SimEdition.EditionInfo>
    <SimEdition.EditionInfo RelatedInstanceId="{D6C40174-EF2A-4B82-97A6-BD6037E97DC0}">
        <NodePosition>316.000,-724.000</NodePosition>
    </SimEdition.EditionInfo>
    <SimEdition.EditionInfo RelatedInstanceId="{1B7468D9-5571-433D-9CEA-025A1DA9653F}">
        <NodePosition>-760.000,712.000</NodePosition>
    </SimEdition.EditionInfo>
    <SimEdition.EditionInfo RelatedInstanceId="{936C9B32-A095-47F6-9619-15D8EE073614}">
        <NodePosition>372.000,-192.000</NodePosition>
    </SimEdition.EditionInfo>
    <SimEdition.EditionInfo RelatedInstanceId="{135481E1-A55E-46EA-A436-2DEB694540FF}">
        <NodePosition>-1200.000,1024.000</NodePosition>
        <NodeSize>1504.000,392.000</NodeSize>
    </SimEdition.EditionInfo>
    <SimEdition.EditionInfo RelatedInstanceId="{0CAC83C7-7BA5-45AF-AD90-0576C6984FFF}">
        <NodePosition>-952.000,1244.000</NodePosition>
    </SimEdition.EditionInfo>
    <SimEdition.EditionInfo RelatedInstanceId="{EF8B7DF7-7409-4103-9157-1CDB1580F0DF}">
        <NodePosition>-564.000,1260.000</NodePosition>
    </SimEdition.EditionInfo>
    <SimEdition.EditionInfo RelatedInstanceId="{8F4FE766-6DEF-4BA8-B2C1-E6228A7B10DB}">
        <NodePosition>-308.000,1272.000</NodePosition>
    </SimEdition.EditionInfo>
    <SimEdition.EditionInfo RelatedInstanceId="{4C7E400E-DCEC-49BD-9327-F534E90FDB32}">
        <NodePosition>61.000,1196.000</NodePosition>
    </SimEdition.EditionInfo>
    <SimEdition.EditionInfo RelatedInstanceId="{EEF45C15-4BD8-418D-B1E9-DCE3DD69A8C1}">
        <NodePosition>-769.000,680.000</NodePosition>
    </SimEdition.EditionInfo>
    <SimEdition.EditionInfo RelatedInstanceId="{5999E1ED-045B-498C-ACBF-570870393E5E}">
        <NodePosition>-755.000,-392.000</NodePosition>
    </SimEdition.EditionInfo>
    <SimEdition.EditionInfo RelatedInstanceId="{EA8D11BA-6D59-4F8D-8B65-2015E9EC8F62}">
        <NodePosition>861.000,1176.000</NodePosition>
    </SimEdition.EditionInfo>
    <SimEdition.EditionInfo RelatedInstanceId="{06B5D177-682C-4FE2-8EE9-09583F54C8BC}">
        <NodePosition>-1011.000,-28.000</NodePosition>
    </SimEdition.EditionInfo>
    <SimEdition.EditionInfo RelatedInstanceId="{ECD36FF0-4C42-41FA-BE17-4FC2CBC2F445}">
        <NodePosition>-640.000,-52.000</NodePosition>
    </SimEdition.EditionInfo>
    <SimEdition.EditionInfo RelatedInstanceId="{602EB449-DD00-4015-A188-EAC3F5F63908}">
        <NodePosition>-264.000,428.000</NodePosition>
    </SimEdition.EditionInfo>
    <SimEdition.EditionInfo RelatedInstanceId="{9CDC1FC4-3CA1-428E-893A-45DBE431C8FD}">
        <NodePosition>-592.000,252.000</NodePosition>
    </SimEdition.EditionInfo>
    <SimEdition.EditionInfo RelatedInstanceId="{6BB6CCC2-1DC5-4161-A05C-AC7CF6FFED88}">
        <NodePosition>1224.000,980.000</NodePosition>
    </SimEdition.EditionInfo>
    <SimEdition.EditionInfo RelatedInstanceId="{CD33F6A6-7F13-4739-A6E4-BD4F315A9884}">
        <NodePosition>1576.000,988.000</NodePosition>
    </SimEdition.EditionInfo>
    <SimEdition.EditionInfo RelatedInstanceId="{B947B796-E223-4BC5-BDA2-7A2B5F69935D}">
        <NodePosition>1832.000,1004.000</NodePosition>
    </SimEdition.EditionInfo>
    <SimEdition.EditionInfo RelatedInstanceId="{67BBF8F8-066C-4669-B839-EE77E8F3DB43}">
        <NodePosition>1768.000,1292.000</NodePosition>
    </SimEdition.EditionInfo>
</SimBase.Document>
