﻿<?xml version="1.0" encoding="UTF-8"?>

<SimBase.Document
        Type="EditionInfo"
        version="1,0"
        id="Downwash sand_edition">
    <Descr>This file contains useful additional properties for edition purpose.</Descr>
    <SimEdition.EditionInfo RelatedInstanceId="{CFDBD05D-4B09-4AE5-877B-9A8537350A2E}">
        <NodePosition>388.000,-180.000</NodePosition>
    </SimEdition.EditionInfo>
    <SimEdition.EditionInfo RelatedInstanceId="{FDBC8BB0-1A02-4166-9B49-D2F95AA95AA5}">
        <NodePosition>280.000,-81.000</NodePosition>
    </SimEdition.EditionInfo>
    <SimEdition.EditionInfo RelatedInstanceId="{8EB52152-EC60-4D1C-B2E2-A5A309193FCC}">
        <NodePosition>314.000,290.000</NodePosition>
    </SimEdition.EditionInfo>
    <SimEdition.EditionInfo RelatedInstanceId="{6531F1D4-CA97-4D25-B300-0C63A92D4701}">
        <NodePosition>363.000,460.000</NodePosition>
    </SimEdition.EditionInfo>
    <SimEdition.EditionInfo RelatedInstanceId="{9B71A5E5-1F5E-48A4-9AC0-969FEA2EF016}">
        <NodePosition>323.000,660.000</NodePosition>
    </SimEdition.EditionInfo>
    <SimEdition.EditionInfo RelatedInstanceId="{4487EE26-7807-4515-92AD-DF7EA77A7951}"/>
    <SimEdition.EditionInfo RelatedInstanceId="{286C9679-88B4-494E-8F32-602ACE520E1B}">
        <NodePosition>77.500,718.000</NodePosition>
    </SimEdition.EditionInfo>
    <SimEdition.EditionInfo RelatedInstanceId="{F6FE5DB8-50D6-4D95-AB95-D95D6582CFB7}">
        <NodePosition>17.000,629.000</NodePosition>
    </SimEdition.EditionInfo>
    <SimEdition.EditionInfo RelatedInstanceId="{92BA1756-F048-48BD-B78A-33784E3D1CEE}">
        <NodePosition>-76.500,654.500</NodePosition>
    </SimEdition.EditionInfo>
    <SimEdition.EditionInfo RelatedInstanceId="{C23A9D15-3F0C-4538-AF03-FDB687FAED26}">
        <NodePosition>12.000,672.000</NodePosition>
    </SimEdition.EditionInfo>
    <SimEdition.EditionInfo RelatedInstanceId="{B5EFF36C-E9E8-42F9-81E4-CBF171B262C8}">
        <NodePosition>-1213.000,660.000</NodePosition>
    </SimEdition.EditionInfo>
    <SimEdition.EditionInfo RelatedInstanceId="{1E539B2F-4333-40D8-AF73-57B2A9C7D061}">
        <NodePosition>-612.000,584.000</NodePosition>
    </SimEdition.EditionInfo>
    <SimEdition.EditionInfo RelatedInstanceId="{1FE93EEB-5770-4F84-B163-BAA80819E431}">
        <NodePosition>-504.000,88.000</NodePosition>
    </SimEdition.EditionInfo>
    <SimEdition.EditionInfo RelatedInstanceId="{CD1900EF-DE60-416B-A208-AF21EB68C93F}">
        <NodePosition>-308.000,376.000</NodePosition>
    </SimEdition.EditionInfo>
    <SimEdition.EditionInfo RelatedInstanceId="{48F0177A-4642-46E7-A0AB-2F061905B9AD}">
        <NodePosition>-500.000,272.000</NodePosition>
    </SimEdition.EditionInfo>
    <SimEdition.EditionInfo RelatedInstanceId="{AB33DA43-D082-4ACA-BC25-22D70B5592AF}">
        <NodePosition>-440.000,-424.000</NodePosition>
    </SimEdition.EditionInfo>
    <SimEdition.EditionInfo RelatedInstanceId="{277C6A0B-C892-4761-A957-40943C2553DF}">
        <NodePosition>-741.000,-76.000</NodePosition>
    </SimEdition.EditionInfo>
    <SimEdition.EditionInfo RelatedInstanceId="{EE6575D2-BDF1-4F6D-AF9F-47428039D6C6}">
        <NodePosition>-789.000,344.000</NodePosition>
    </SimEdition.EditionInfo>
    <SimEdition.EditionInfo RelatedInstanceId="{1EA73823-0272-4E8E-9ABA-EDA9EE45A2D3}">
        <NodePosition>-808.000,264.000</NodePosition>
        <Enabled>False</Enabled>
    </SimEdition.EditionInfo>
    <SimEdition.EditionInfo RelatedInstanceId="{4698804D-B0C3-4622-98C2-549B85F25396}">
        <NodePosition>-376.000,444.000</NodePosition>
    </SimEdition.EditionInfo>
    <SimEdition.EditionInfo RelatedInstanceId="{6BEB3ACC-110C-48A0-9A43-56D8F60D1BDC}">
        <NodePosition>-1016.000,48.000</NodePosition>
    </SimEdition.EditionInfo>
    <SimEdition.EditionInfo RelatedInstanceId="{AD524491-982D-481B-9093-97543D6D073A}">
        <NodePosition>-1288.000,-32.000</NodePosition>
    </SimEdition.EditionInfo>
    <SimEdition.EditionInfo RelatedInstanceId="{7DBFF618-1962-4F84-9DA8-43A1918F5F4A}">
        <NodePosition>-1288.000,144.000</NodePosition>
    </SimEdition.EditionInfo>
    <SimEdition.EditionInfo RelatedInstanceId="{F1791003-D17D-429F-8B57-D9006BE97AF4}">
        <NodePosition>-1288.000,1240.000</NodePosition>
    </SimEdition.EditionInfo>
    <SimEdition.EditionInfo RelatedInstanceId="{CDB41AE5-9B3B-4F82-B723-F8096DDDE857}">
        <NodePosition>973.000,328.000</NodePosition>
    </SimEdition.EditionInfo>
    <SimEdition.EditionInfo RelatedInstanceId="{F8C8C04E-D1C0-4BF3-AE2A-439B07C64CF4}">
        <NodePosition>-835.000,264.000</NodePosition>
    </SimEdition.EditionInfo>
    <SimEdition.EditionInfo RelatedInstanceId="{415B68AA-1FCC-4F8A-9FAA-9270500083E1}">
        <NodePosition>680.000,468.000</NodePosition>
    </SimEdition.EditionInfo>
    <SimEdition.EditionInfo RelatedInstanceId="{C3071D3A-8152-4109-BC28-CB668D613CEA}">
        <NodePosition>808.000,488.000</NodePosition>
    </SimEdition.EditionInfo>
    <SimEdition.EditionInfo RelatedInstanceId="{4F23EF38-5193-4524-B5B9-51F03C9580FD}">
        <NodePosition>1517.000,488.000</NodePosition>
    </SimEdition.EditionInfo>
    <SimEdition.EditionInfo RelatedInstanceId="{7814D234-908F-4D6E-BCCC-40682A229D77}">
        <NodePosition>1244.000,480.000</NodePosition>
    </SimEdition.EditionInfo>
    <SimEdition.EditionInfo RelatedInstanceId="{87A89479-74D9-4EF9-B59C-ED7C600DC607}">
        <NodePosition>-792.000,844.000</NodePosition>
    </SimEdition.EditionInfo>
    <SimEdition.EditionInfo RelatedInstanceId="{9C337F57-3A9A-4803-BB9A-AD17778289EC}">
        <NodePosition>-415.000,904.000</NodePosition>
    </SimEdition.EditionInfo>
    <SimEdition.EditionInfo RelatedInstanceId="{4D5313D0-35D4-44AC-9D77-CCB24776FD99}">
        <NodePosition>-1508.000,328.000</NodePosition>
    </SimEdition.EditionInfo>
    <SimEdition.EditionInfo RelatedInstanceId="{B232699D-5DAB-4623-BAAC-4B66B7EFA41E}">
        <NodePosition>-861.000,-208.000</NodePosition>
    </SimEdition.EditionInfo>
    <SimEdition.EditionInfo RelatedInstanceId="{19AF97C3-D28E-4CED-8DC2-C11F52988A8D}">
        <NodePosition>-1055.000,76.000</NodePosition>
    </SimEdition.EditionInfo>
    <SimEdition.EditionInfo RelatedInstanceId="{6C4C2F8F-FAAE-4BC4-B717-2E00DEA53A8C}">
        <NodePosition>-639.000,92.000</NodePosition>
    </SimEdition.EditionInfo>
    <SimEdition.EditionInfo RelatedInstanceId="{6304C493-A003-4716-A346-A60E67D120E0}">
        <NodePosition>-1272.000,260.000</NodePosition>
        <Enabled>False</Enabled>
    </SimEdition.EditionInfo>
    <SimEdition.EditionInfo RelatedInstanceId="{75038D10-4516-4256-B6A7-D01EB4B4A9C0}">
        <NodePosition>-644.000,384.000</NodePosition>
        <Enabled>False</Enabled>
    </SimEdition.EditionInfo>
    <SimEdition.EditionInfo RelatedInstanceId="{825FB7B7-5B24-478F-9482-0527E6DAB40B}">
        <NodePosition>-200.000,392.000</NodePosition>
        <Enabled>False</Enabled>
    </SimEdition.EditionInfo>
    <SimEdition.EditionInfo RelatedInstanceId="{A9C42D3A-E612-4D87-8DC5-C2614A2E7CD8}">
        <NodePosition>-40.000,480.000</NodePosition>
    </SimEdition.EditionInfo>
    <SimEdition.EditionInfo RelatedInstanceId="{A1176EED-6B3F-49C1-97B7-298EE9BF2323}">
        <NodePosition>-591.000,-36.000</NodePosition>
    </SimEdition.EditionInfo>
    <SimEdition.EditionInfo RelatedInstanceId="{3EF5428F-8435-4FF5-AFB1-E1D701FE0A7A}">
        <NodePosition>1544.000,-216.000</NodePosition>
    </SimEdition.EditionInfo>
    <SimEdition.EditionInfo RelatedInstanceId="{8842A124-9C85-4363-80C7-A08A8223B189}">
        <NodePosition>-1033.000,-72.000</NodePosition>
    </SimEdition.EditionInfo>
    <SimEdition.EditionInfo RelatedInstanceId="{B5A42C64-1773-45EB-9AA3-D694E510DDB4}">
        <NodePosition>707.000,708.000</NodePosition>
    </SimEdition.EditionInfo>
    <SimEdition.EditionInfo RelatedInstanceId="{1248C1D9-689B-4905-9F19-7AA4C4B58104}">
        <NodePosition>584.000,524.000</NodePosition>
    </SimEdition.EditionInfo>
    <SimEdition.EditionInfo RelatedInstanceId="{6DD85142-8C00-4339-86F4-49BED5222BD7}">
        <NodePosition>673.000,332.000</NodePosition>
    </SimEdition.EditionInfo>
    <SimEdition.EditionInfo RelatedInstanceId="{B3884C23-2916-4DF4-9411-F63B0B7C23C5}">
        <NodePosition>601.000,288.000</NodePosition>
    </SimEdition.EditionInfo>
    <SimEdition.EditionInfo RelatedInstanceId="{641C2D51-E281-4B57-8F85-3303D59FF657}">
        <NodePosition>641.000,-80.000</NodePosition>
    </SimEdition.EditionInfo>
    <SimEdition.EditionInfo RelatedInstanceId="{444CD9A6-E59E-46C4-81BD-923A8A15A0E9}">
        <NodePosition>740.000,-196.000</NodePosition>
    </SimEdition.EditionInfo>
    <SimEdition.EditionInfo RelatedInstanceId="{2D22D724-3128-4239-8C9E-5C8F8E8CF6E2}"/>
    <SimEdition.EditionInfo RelatedInstanceId="{B55782C3-6938-4756-85C9-2642A3A75945}">
        <NodePosition>627.000,732.000</NodePosition>
        <Enabled>False</Enabled>
    </SimEdition.EditionInfo>
    <SimEdition.EditionInfo RelatedInstanceId="{AB9C2D93-1A74-4DE0-A75A-5499F4F3E447}">
        <NodePosition>284.000,964.000</NodePosition>
        <Enabled>False</Enabled>
    </SimEdition.EditionInfo>
    <SimEdition.EditionInfo RelatedInstanceId="{1072EF79-1548-4994-839C-6527B09AECF2}">
        <NodePosition>400.000,960.000</NodePosition>
        <NodeSize>2176.000,507.000</NodeSize>
    </SimEdition.EditionInfo>
    <SimEdition.EditionInfo RelatedInstanceId="{5ED3D6DB-616A-4216-9E4C-F6F6A2D6AFBF}">
        <NodePosition>430.000,1116.000</NodePosition>
    </SimEdition.EditionInfo>
    <SimEdition.EditionInfo RelatedInstanceId="{9B356F34-C914-428C-8017-98E529EC015F}">
        <NodePosition>1036.000,680.000</NodePosition>
    </SimEdition.EditionInfo>
    <SimEdition.EditionInfo RelatedInstanceId="{BB2AE876-04CF-4EB5-BD30-18E686D6DED8}">
        <NodePosition>1053.000,1368.000</NodePosition>
    </SimEdition.EditionInfo>
    <SimEdition.EditionInfo RelatedInstanceId="{C300F3E7-601D-402B-8364-413C8BDC985E}">
        <NodePosition>1309.000,1368.000</NodePosition>
    </SimEdition.EditionInfo>
    <SimEdition.EditionInfo RelatedInstanceId="{F754C6B8-6E71-42E4-9CF9-7F8EF3A5A3BB}">
        <NodePosition>2296.000,1068.000</NodePosition>
    </SimEdition.EditionInfo>
    <SimEdition.EditionInfo RelatedInstanceId="{EB253A09-EFC4-4B2F-A9C5-775113805CF8}">
        <NodePosition>1272.000,428.000</NodePosition>
    </SimEdition.EditionInfo>
    <SimEdition.EditionInfo RelatedInstanceId="{CA672ED6-EFCF-422D-848C-1017371E220D}">
        <NodePosition>984.000,448.000</NodePosition>
        <Enabled>False</Enabled>
    </SimEdition.EditionInfo>
    <SimEdition.EditionInfo RelatedInstanceId="{DADECF26-176E-4295-9A01-8F2E0A922568}">
        <NodePosition>570.000,668.000</NodePosition>
    </SimEdition.EditionInfo>
    <SimEdition.EditionInfo RelatedInstanceId="{D0DB275F-3BFA-4E59-8B88-B61A8CBD2209}">
        <NodePosition>568.000,460.000</NodePosition>
    </SimEdition.EditionInfo>
    <SimEdition.EditionInfo RelatedInstanceId="{446A5140-F881-4235-9BF4-27C6664A7310}">
        <NodePosition>-200.000,668.000</NodePosition>
    </SimEdition.EditionInfo>
    <SimEdition.EditionInfo RelatedInstanceId="{25D5EB2C-585F-464A-A927-8050895B9CCF}">
        <NodePosition>563.000,660.000</NodePosition>
    </SimEdition.EditionInfo>
    <SimEdition.EditionInfo RelatedInstanceId="{A0BB0639-ECCB-4F86-AC54-B0657FB89D7E}">
        <NodePosition>569.000,460.000</NodePosition>
    </SimEdition.EditionInfo>
    <SimEdition.EditionInfo RelatedInstanceId="{F359645D-AD20-481D-9C0D-F1FABB2852DE}">
        <NodePosition>784.333,348.757</NodePosition>
    </SimEdition.EditionInfo>
    <SimEdition.EditionInfo RelatedInstanceId="{1F26B376-DBE1-4396-8726-1A2A723B658A}">
        <NodePosition>1500.000,472.000</NodePosition>
    </SimEdition.EditionInfo>
    <SimEdition.EditionInfo RelatedInstanceId="{2ED86265-D6CB-4EF0-99F5-C64D7A86FEAF}">
        <NodePosition>-1024.000,32.000</NodePosition>
        <NodeSize>720.000,472.000</NodeSize>
    </SimEdition.EditionInfo>
    <SimEdition.EditionInfo RelatedInstanceId="{AB7138DC-7D6A-4203-BB31-271D4DC615F0}">
        <NodePosition>800.000,-304.000</NodePosition>
        <NodeSize>1168.000,232.000</NodeSize>
    </SimEdition.EditionInfo>
    <SimEdition.EditionInfo RelatedInstanceId="{F153A799-7C9E-46EF-86C6-17B7B32C907A}">
        <NodePosition>768.000,240.000</NodePosition>
        <NodeSize>1376.000,363.000</NodeSize>
    </SimEdition.EditionInfo>
    <SimEdition.EditionInfo RelatedInstanceId="{D98E3BD3-6AA2-415A-B151-E5B43DA5D42F}">
        <NodePosition>-672.000,160.000</NodePosition>
        <NodeSize>768.000,219.000</NodeSize>
    </SimEdition.EditionInfo>
    <SimEdition.EditionInfo RelatedInstanceId="{681B9347-E398-4002-9436-3FC911B75C89}">
        <NodePosition>-116.000,-136.000</NodePosition>
    </SimEdition.EditionInfo>
    <SimEdition.EditionInfo RelatedInstanceId="{B5C24F5C-4FFB-4F11-B962-26BF93596E9D}">
        <NodePosition>1992.000,312.000</NodePosition>
    </SimEdition.EditionInfo>
    <SimEdition.EditionInfo RelatedInstanceId="{B2812803-25A9-4510-9374-590957CB264A}">
        <NodePosition>1592.000,1372.000</NodePosition>
    </SimEdition.EditionInfo>
    <SimEdition.EditionInfo RelatedInstanceId="{853D622E-8C99-4E38-9D96-2FA05FF00B09}">
        <NodePosition>-848.000,608.000</NodePosition>
        <NodeSize>1120.000,235.000</NodeSize>
    </SimEdition.EditionInfo>
    <SimEdition.EditionInfo RelatedInstanceId="{624BB8D3-3F53-40DE-9D95-500221EA1168}">
        <NodePosition>-483.000,728.000</NodePosition>
    </SimEdition.EditionInfo>
    <SimEdition.EditionInfo RelatedInstanceId="{10407072-57A3-4616-AF0F-20F6773520BA}">
        <NodePosition>-633.000,212.000</NodePosition>
    </SimEdition.EditionInfo>
    <SimEdition.EditionInfo RelatedInstanceId="{7EBE5B75-453C-4FB4-89A6-55B8E1133C70}">
        <NodePosition>12.000,-788.000</NodePosition>
    </SimEdition.EditionInfo>
    <SimEdition.EditionInfo RelatedInstanceId="{8CFCFCD8-F041-44B7-B667-4DA5C760B370}">
        <NodePosition>-349.000,-732.000</NodePosition>
    </SimEdition.EditionInfo>
    <SimEdition.EditionInfo RelatedInstanceId="{2CCC1E57-8D52-469D-A284-67625B7D7D10}">
        <NodePosition>-349.000,-572.000</NodePosition>
    </SimEdition.EditionInfo>
    <SimEdition.EditionInfo RelatedInstanceId="{15684B8B-3438-433D-91F6-523CA396408E}">
        <NodePosition>-349.000,-408.000</NodePosition>
    </SimEdition.EditionInfo>
    <SimEdition.EditionInfo RelatedInstanceId="{1A605288-9D1A-468E-951D-FB0B54C2884E}">
        <NodePosition>8.000,-452.000</NodePosition>
    </SimEdition.EditionInfo>
    <SimEdition.EditionInfo RelatedInstanceId="{708FAD40-F639-4F24-9172-82CF74D10C0A}">
        <NodePosition>-104.000,-628.000</NodePosition>
    </SimEdition.EditionInfo>
    <SimEdition.EditionInfo RelatedInstanceId="{5E2C8312-FAD6-4C37-91E9-59C23E00B8F9}">
        <NodePosition>248.000,-344.000</NodePosition>
    </SimEdition.EditionInfo>
    <SimEdition.EditionInfo RelatedInstanceId="{0D6DB22C-7D40-49D0-BDF4-E11396FA1057}">
        <NodePosition>627.000,-636.000</NodePosition>
    </SimEdition.EditionInfo>
    <SimEdition.EditionInfo RelatedInstanceId="{57F9D5D7-3C27-4352-BF5F-BDEB15836B8B}">
        <NodePosition>-835.000,1084.000</NodePosition>
    </SimEdition.EditionInfo>
    <SimEdition.EditionInfo RelatedInstanceId="{01E3F9E4-0316-4C95-94D1-383ED8BBD385}">
        <NodePosition>-1171.000,1064.000</NodePosition>
    </SimEdition.EditionInfo>
    <SimEdition.EditionInfo RelatedInstanceId="{B987BE3A-03E7-4C6B-BA65-7B212E46038C}">
        <NodePosition>-216.000,1096.000</NodePosition>
    </SimEdition.EditionInfo>
    <SimEdition.EditionInfo RelatedInstanceId="{3B307532-8A37-4838-BC89-AA0C16060CE4}">
        <NodePosition>-499.000,1084.000</NodePosition>
    </SimEdition.EditionInfo>
    <SimEdition.EditionInfo RelatedInstanceId="{06CAF7D1-7799-429B-BFE7-8DCF44411E5C}">
        <NodePosition>316.000,-724.000</NodePosition>
    </SimEdition.EditionInfo>
    <SimEdition.EditionInfo RelatedInstanceId="{2F8F0B64-08C1-40C0-BE6E-7A02C99C19BB}">
        <NodePosition>-760.000,712.000</NodePosition>
    </SimEdition.EditionInfo>
    <SimEdition.EditionInfo RelatedInstanceId="{7FAFB2D3-26B7-46C2-972F-D2A5A4A011B1}">
        <NodePosition>372.000,-192.000</NodePosition>
    </SimEdition.EditionInfo>
    <SimEdition.EditionInfo RelatedInstanceId="{13792917-D8BD-4806-92DB-05AD5C274EA9}">
        <NodePosition>-1312.000,1024.000</NodePosition>
        <NodeSize>1616.000,392.000</NodeSize>
    </SimEdition.EditionInfo>
    <SimEdition.EditionInfo RelatedInstanceId="{58991B35-9A2A-4A8A-9E98-0CA40D5DE0A4}">
        <NodePosition>-952.000,1244.000</NodePosition>
    </SimEdition.EditionInfo>
    <SimEdition.EditionInfo RelatedInstanceId="{84AB5CFF-3469-4237-AAAF-F1AE26DC6B25}">
        <NodePosition>-564.000,1260.000</NodePosition>
    </SimEdition.EditionInfo>
    <SimEdition.EditionInfo RelatedInstanceId="{83BEE36B-502F-4DD9-B32B-44EB6501F1A8}">
        <NodePosition>-195.000,1304.000</NodePosition>
    </SimEdition.EditionInfo>
    <SimEdition.EditionInfo RelatedInstanceId="{8652D541-C12F-4062-BA17-AA51D6832BFE}">
        <NodePosition>61.000,1196.000</NodePosition>
    </SimEdition.EditionInfo>
    <SimEdition.EditionInfo RelatedInstanceId="{55E550EF-3911-4084-9929-38D77289716C}">
        <NodePosition>-671.000,648.000</NodePosition>
    </SimEdition.EditionInfo>
    <SimEdition.EditionInfo RelatedInstanceId="{7597BE14-EE06-4048-A1F7-EF96E6DF5A8F}">
        <NodePosition>-243.000,248.000</NodePosition>
    </SimEdition.EditionInfo>
    <SimEdition.EditionInfo RelatedInstanceId="{0E5DBE94-0C49-4EFF-AE66-11AE8C2E798A}">
        <NodePosition>865.000,1368.000</NodePosition>
    </SimEdition.EditionInfo>
    <SimEdition.EditionInfo RelatedInstanceId="{557ACA70-F8AD-4599-AA83-46D5885CB657}">
        <NodePosition>829.000,-204.000</NodePosition>
    </SimEdition.EditionInfo>
    <SimEdition.EditionInfo RelatedInstanceId="{A41B744F-90A7-4F0A-988D-5010DEF3FB38}">
        <NodePosition>1200.000,-228.000</NodePosition>
    </SimEdition.EditionInfo>
    <SimEdition.EditionInfo RelatedInstanceId="{11A34D20-B6CA-47E9-98D6-868300EE7191}">
        <NodePosition>1784.000,476.000</NodePosition>
    </SimEdition.EditionInfo>
    <SimEdition.EditionInfo RelatedInstanceId="{4C8E05CA-03FD-4F40-AECD-899E6ED4918F}">
        <NodePosition>1456.000,300.000</NodePosition>
    </SimEdition.EditionInfo>
    <SimEdition.EditionInfo RelatedInstanceId="{DB74CB2C-0408-44E7-9433-EADA2D2127F8}">
        <NodePosition>1760.000,1356.000</NodePosition>
    </SimEdition.EditionInfo>
    <SimEdition.EditionInfo RelatedInstanceId="{9598DE01-0BDF-4FDC-9210-20A4CDA40D2B}">
        <NodePosition>909.000,1116.000</NodePosition>
    </SimEdition.EditionInfo>
    <SimEdition.EditionInfo RelatedInstanceId="{34634BD5-9F35-4514-877D-6434F8FDA4D9}">
        <NodePosition>1197.000,1116.000</NodePosition>
    </SimEdition.EditionInfo>
    <SimEdition.EditionInfo RelatedInstanceId="{4A408FB3-7AEC-4D4B-ACE9-BEF9E5F58595}">
        <NodePosition>1800.000,1080.000</NodePosition>
    </SimEdition.EditionInfo>
    <SimEdition.EditionInfo RelatedInstanceId="{8AC56A26-6F1B-4100-ADE9-EAD97BA8D45A}">
        <NodePosition>888.000,1256.000</NodePosition>
    </SimEdition.EditionInfo>
    <SimEdition.EditionInfo RelatedInstanceId="{255A58B8-8F9C-4109-A7B9-46E46CE412A4}">
        <NodePosition>1144.000,1244.000</NodePosition>
    </SimEdition.EditionInfo>
    <SimEdition.EditionInfo RelatedInstanceId="{C913EA0D-74F5-40C5-8AF9-04EC7BEEA608}">
        <NodePosition>1400.000,1244.000</NodePosition>
    </SimEdition.EditionInfo>
    <SimEdition.EditionInfo RelatedInstanceId="{AEB8AC45-E5BE-4D3E-9E2A-B1B034358643}">
        <NodePosition>1617.000,1036.000</NodePosition>
    </SimEdition.EditionInfo>
    <SimEdition.EditionInfo RelatedInstanceId="{8177AC62-623F-4013-9876-C1B8F2422EDC}">
        <NodePosition>1825.000,1052.000</NodePosition>
    </SimEdition.EditionInfo>
    <SimEdition.EditionInfo RelatedInstanceId="{CA5BDBBC-1442-496D-9B57-EE9A2A0094B3}">
        <NodePosition>2104.000,1356.000</NodePosition>
    </SimEdition.EditionInfo>
    <SimEdition.EditionInfo RelatedInstanceId="{8F63F804-83EE-46DF-BC53-176FA8F0DDE6}">
        <NodePosition>1688.000,1176.000</NodePosition>
    </SimEdition.EditionInfo>
    <SimEdition.EditionInfo RelatedInstanceId="{E977E315-B3FB-4A75-91F2-E15EBCFBAE8E}">
        <NodePosition>2088.000,1196.000</NodePosition>
    </SimEdition.EditionInfo>
</SimBase.Document>
