﻿<?xml version="1.0" encoding="UTF-8"?>

<SimBase.Document
        Type="EditionInfo"
        version="1,0"
        id="WaterDropRed_edition">
    <Descr>This file contains useful additional properties for edition purpose.</Descr>
    <SimEdition.EditionInfo RelatedInstanceId="{F3ADFB0B-7067-4F49-9162-72D4CD5B5073}">
        <NodePosition>374.000,-202.000</NodePosition>
    </SimEdition.EditionInfo>
    <SimEdition.EditionInfo RelatedInstanceId="{45C5E1E2-52FC-4329-8E72-B868E1ACF9B6}">
        <NodePosition>280.000,-81.000</NodePosition>
    </SimEdition.EditionInfo>
    <SimEdition.EditionInfo RelatedInstanceId="{E8429296-8BD8-4977-A383-401469711066}">
        <NodePosition>314.000,284.000</NodePosition>
    </SimEdition.EditionInfo>
    <SimEdition.EditionInfo RelatedInstanceId="{373EBC4E-F148-40A2-A722-86C2FD2425FF}">
        <NodePosition>314.000,487.000</NodePosition>
    </SimEdition.EditionInfo>
    <SimEdition.EditionInfo RelatedInstanceId="{2FFFED74-58CC-45FE-890A-2BFAE46636DC}">
        <NodePosition>312.000,692.000</NodePosition>
    </SimEdition.EditionInfo>
    <SimEdition.EditionInfo RelatedInstanceId="{B5CE8FFA-E6DA-4BDE-A6BA-C0B16F0B1B52}">
        <NodePosition>-392.000,1316.000</NodePosition>
    </SimEdition.EditionInfo>
    <SimEdition.EditionInfo RelatedInstanceId="{536061A1-9727-4B3A-A10F-A7B522069954}">
        <NodePosition>-1250.000,1332.000</NodePosition>
    </SimEdition.EditionInfo>
    <SimEdition.EditionInfo RelatedInstanceId="{0D3343A0-F6F9-4195-82B8-FEC6D9367975}">
        <NodePosition>840.000,872.000</NodePosition>
    </SimEdition.EditionInfo>
    <SimEdition.EditionInfo RelatedInstanceId="{6DB8B0E2-FC83-441C-BA18-E4164504934C}">
        <NodePosition>728.000,724.000</NodePosition>
    </SimEdition.EditionInfo>
    <SimEdition.EditionInfo RelatedInstanceId="{2AAD14E3-A241-47F0-919C-6A002AA0B31D}">
        <NodePosition>1592.000,468.000</NodePosition>
    </SimEdition.EditionInfo>
    <SimEdition.EditionInfo RelatedInstanceId="{7A509DA3-9767-49CF-B3A9-73BF2B0C3D27}">
        <NodePosition>1000.000,388.000</NodePosition>
    </SimEdition.EditionInfo>
    <SimEdition.EditionInfo RelatedInstanceId="{9B4EBDBF-4CF9-40CB-AE08-BD2DB7631ECD}">
        <NodePosition>1860.000,484.000</NodePosition>
    </SimEdition.EditionInfo>
    <SimEdition.EditionInfo RelatedInstanceId="{7765CF2A-1E0F-4DDA-9F9B-FD233570E23B}">
        <NodePosition>1229.000,852.000</NodePosition>
    </SimEdition.EditionInfo>
    <SimEdition.EditionInfo RelatedInstanceId="{C3105E39-C0FE-4E08-B049-E0BECC396B13}">
        <NodePosition>-24.000,964.000</NodePosition>
    </SimEdition.EditionInfo>
    <SimEdition.EditionInfo RelatedInstanceId="{773E243C-10F0-44A2-B89D-91B73305814A}">
        <NodePosition>-792.000,1272.000</NodePosition>
    </SimEdition.EditionInfo>
    <SimEdition.EditionInfo RelatedInstanceId="{4AAB4000-F1D7-4EC8-9B61-38BEE2964218}">
        <NodePosition>-495.000,316.000</NodePosition>
    </SimEdition.EditionInfo>
    <SimEdition.EditionInfo RelatedInstanceId="{A330968E-6BF5-46BF-AA29-FBA9050161B3}">
        <NodePosition>-164.000,504.000</NodePosition>
    </SimEdition.EditionInfo>
    <SimEdition.EditionInfo RelatedInstanceId="{B5BA82CC-EA36-430D-8614-71A2765B5D28}">
        <NodePosition>-495.000,504.000</NodePosition>
    </SimEdition.EditionInfo>
    <SimEdition.EditionInfo RelatedInstanceId="{7D3EC39E-BE91-442B-9560-6B10E6633ADB}">
        <NodePosition>-31.000,380.000</NodePosition>
    </SimEdition.EditionInfo>
    <SimEdition.EditionInfo RelatedInstanceId="{BDC77895-62DF-44FB-9E22-981A01D69248}">
        <NodePosition>-424.000,984.000</NodePosition>
    </SimEdition.EditionInfo>
    <SimEdition.EditionInfo RelatedInstanceId="{00E61CF1-2CAE-4EDD-91BC-EF1CEB5C19CA}">
        <NodePosition>-104.000,92.000</NodePosition>
    </SimEdition.EditionInfo>
    <SimEdition.EditionInfo RelatedInstanceId="{1E9EFC23-DF9C-429D-9B49-06C3896FE785}">
        <NodePosition>-600.000,1368.000</NodePosition>
    </SimEdition.EditionInfo>
    <SimEdition.EditionInfo RelatedInstanceId="{72311EAE-C508-47B1-AB61-3ECE5184CD0C}">
        <NodePosition>344.000,984.000</NodePosition>
    </SimEdition.EditionInfo>
    <SimEdition.EditionInfo RelatedInstanceId="{2FB51C24-FD43-47A6-994F-79D5834A8FB4}">
        <NodePosition>740.000,552.000</NodePosition>
    </SimEdition.EditionInfo>
    <SimEdition.EditionInfo RelatedInstanceId="{B69CA32E-4F99-41E5-BE02-2692AF6422D2}">
        <NodePosition>1048.000,-232.000</NodePosition>
    </SimEdition.EditionInfo>
    <SimEdition.EditionInfo RelatedInstanceId="{119A0D7D-74FC-4FC6-A719-92D921C9619C}">
        <NodePosition>1064.000,84.000</NodePosition>
    </SimEdition.EditionInfo>
    <SimEdition.EditionInfo RelatedInstanceId="{D47E7A60-2326-40B1-8A44-0BA8954FFE26}">
        <NodePosition>1053.000,-76.000</NodePosition>
    </SimEdition.EditionInfo>
    <SimEdition.EditionInfo RelatedInstanceId="{ADEB0BC7-001C-403D-86D9-7FA6825AED1F}">
        <NodePosition>1549.000,872.000</NodePosition>
    </SimEdition.EditionInfo>
    <SimEdition.EditionInfo RelatedInstanceId="{5EB71DE0-FB1E-4CC9-8278-48F5E8B03070}">
        <NodePosition>1248.000,988.000</NodePosition>
    </SimEdition.EditionInfo>
    <SimEdition.EditionInfo RelatedInstanceId="{6EFDAEBC-D5F7-4D8C-B348-7BCE5C3C68EE}">
        <NodePosition>1160.000,724.000</NodePosition>
    </SimEdition.EditionInfo>
    <SimEdition.EditionInfo RelatedInstanceId="{A572033A-45B8-4D76-9BD4-516894FA17E1}">
        <NodePosition>-296.000,748.000</NodePosition>
    </SimEdition.EditionInfo>
    <SimEdition.EditionInfo RelatedInstanceId="{C89FAE46-F764-40AA-AB84-92C70D8E71A2}">
        <NodePosition>-799.000,1480.000</NodePosition>
    </SimEdition.EditionInfo>
    <SimEdition.EditionInfo RelatedInstanceId="{6294A0FC-F853-40EC-AA1F-CB195C9832EC}">
        <NodePosition>656.000,-336.000</NodePosition>
        <NodeSize>1648.000,571.000</NodeSize>
    </SimEdition.EditionInfo>
    <SimEdition.EditionInfo RelatedInstanceId="{175F4706-4B7C-40C1-840C-A0A5F9F7CFEF}">
        <NodePosition>-144.000,32.000</NodePosition>
        <NodeSize>304.000,187.000</NodeSize>
    </SimEdition.EditionInfo>
    <SimEdition.EditionInfo RelatedInstanceId="{680DA0B1-F35D-4C00-A0F9-BF9E48FE4591}">
        <NodePosition>-528.000,272.000</NodePosition>
        <NodeSize>656.000,331.000</NodeSize>
    </SimEdition.EditionInfo>
    <SimEdition.EditionInfo RelatedInstanceId="{4497B7A4-191C-486E-B9ED-A6E150A41AE2}">
        <NodePosition>-1264.000,1232.000</NodePosition>
        <NodeSize>1168.000,363.000</NodeSize>
    </SimEdition.EditionInfo>
    <SimEdition.EditionInfo RelatedInstanceId="{D68F790B-8460-499C-8262-105B8F67DD9E}">
        <NodePosition>-736.000,704.000</NodePosition>
        <NodeSize>720.000,184.000</NodeSize>
    </SimEdition.EditionInfo>
    <SimEdition.EditionInfo RelatedInstanceId="{EBA8A25A-81EE-412E-8AEF-BBECE09281A1}">
        <NodePosition>672.000,336.000</NodePosition>
        <NodeSize>1360.000,888.000</NodeSize>
    </SimEdition.EditionInfo>
    <SimEdition.EditionInfo RelatedInstanceId="{976056A6-56A7-44F3-83F8-1BDC0A7A9004}">
        <NodePosition>1528.000,-184.000</NodePosition>
    </SimEdition.EditionInfo>
    <SimEdition.EditionInfo RelatedInstanceId="{78865270-8663-48DD-B5E9-4E264BAC1ED8}">
        <NodePosition>696.000,-268.000</NodePosition>
    </SimEdition.EditionInfo>
    <SimEdition.EditionInfo RelatedInstanceId="{984600AE-E782-4FD0-8F43-F7DA06C42F1B}">
        <NodePosition>696.000,-104.000</NodePosition>
    </SimEdition.EditionInfo>
    <SimEdition.EditionInfo RelatedInstanceId="{1D799AE0-792D-4BC7-BFA7-B70D821902B0}">
        <NodePosition>696.000,68.000</NodePosition>
    </SimEdition.EditionInfo>
    <SimEdition.EditionInfo RelatedInstanceId="{9EC54795-EA04-4707-821A-4E17CC62AE14}">
        <NodePosition>824.000,1064.000</NodePosition>
    </SimEdition.EditionInfo>
    <SimEdition.EditionInfo RelatedInstanceId="{8662623D-F78E-4A8B-8EF3-C0B40A804F19}">
        <NodePosition>1532.000,32.000</NodePosition>
    </SimEdition.EditionInfo>
    <SimEdition.EditionInfo RelatedInstanceId="{0B165C3D-40A2-4658-B33F-9D72343798B8}">
        <NodePosition>1868.000,-72.000</NodePosition>
    </SimEdition.EditionInfo>
    <SimEdition.EditionInfo RelatedInstanceId="{9EA71973-F002-46CC-BE4B-3E172DB04DBF}">
        <NodePosition>1192.000,552.000</NodePosition>
    </SimEdition.EditionInfo>
    <SimEdition.EditionInfo RelatedInstanceId="{CC18FD8F-42F4-4D0B-8E0D-B51CD72CFE94}">
        <NodePosition>-964.000,1100.000</NodePosition>
    </SimEdition.EditionInfo>
    <SimEdition.EditionInfo RelatedInstanceId="{9B56603D-39C6-458C-9EF3-20AA7C9E8484}">
        <NodePosition>-712.000,1100.000</NodePosition>
    </SimEdition.EditionInfo>
    <SimEdition.EditionInfo RelatedInstanceId="{283E8D47-6787-4CD8-ABBF-0E0CD66D2824}">
        <NodePosition>-632.000,744.000</NodePosition>
    </SimEdition.EditionInfo>
</SimBase.Document>
